{"cameraMode":{"drawMode":3,"name":"Shadow Cascades","section":"Miscellaneous"},"sceneLighting":true,"audioPlay":false,"sceneViewState":{"m_AlwaysRefresh":false,"showFog":true,"showSkybox":true,"showFlares":true,"showImageEffects":true,"showParticleSystems":true,"showVisualEffectGraphs":true,"m_FxEnabled":true},"in2DMode":false,"pivot":{"x":-11.502020835876465,"y":2.721210479736328,"z":-43.729549407958987},"rotation":{"x":0.01771298237144947,"y":-0.9827954769134522,"z":0.12882296741008759,"w":0.13229034841060639},"size":0.003469616873189807,"orthographic":false}